year,month,tariff_pct,tariff_change_pct,tariff_shock,tariff_3m_avg,tariff_6m_avg,global_cpo_price_usd_per_tonne,usd_inr,freight_usd,domestic_consumption_tonnes,domestic_production_tonnes,demand_supply_gap,imports_tonnes_lag1,imports_tonnes_lag3,imports_tonnes_lag6,import_parity_cost_inr,tax_component_inr,farm_cost_floor_inr,farmer_margin_over_floor,farmer_margin_pct_of_floor,imports_tonnes,farmer_price_inr_per_tonne,landed_cost_inr_per_tonne
2005,10,15.0,0.0,0,15.0,15.0,413.988896019581,43.27358073958303,25.763088895994127,416666.6666666667,239305.78431372548,177360.8823529412,181302.23529411765,177360.8823529412,161595.47058823536,19029.64302463604,2854.446453695406,14272.23226847703,1332.0750117245243,0.0933333333333334,177360.8823529412,15604.307280201554,21884.089478331447
2005,11,15.0,0.0,0,15.0,15.0,413.9888960195812,45.17251901513724,29.3226710985404,416666.6666666667,245217.8137254901,171448.8529411766,177360.8823529412,181302.23529411765,165536.82352941183,20025.50019527364,3003.8250292910457,15019.12514645523,1401.7850136691486,0.0933333333333329,171448.8529411765,16420.91016012438,23029.325224564684
2005,12,15.0,0.0,0,15.0,15.0,413.9888960195812,44.05402256375034,25.72575544135963,416666.6666666667,245217.8137254901,171448.8529411766,171448.8529411765,181302.23529411765,169478.17647058822,19371.199177071903,2905.679876560785,14528.399382803927,1355.9839423950289,0.093333333333333,171448.8529411765,15884.383325198956,22276.87905363269
2006,1,15.0,0.0,0,15.0,15.0,439.0556131671385,45.61712539932722,30.3327677691296,433333.3333333333,253942.89215686268,179390.44117647063,171448.8529411765,177360.8823529412,177360.8823529412,21412.14863415692,3211.822295123537,16059.111475617688,1498.8504043909834,0.0933333333333332,179390.44117647063,17557.961880008672,24623.97092928046
2006,2,15.0,0.0,0,15.0,15.0,439.0556131671385,45.13183671700953,31.127094055037016,433333.3333333333,253942.89215686268,179390.44117647063,179390.44117647063,171448.8529411765,181302.23529411765,21220.20916951272,3183.031375426908,15915.15687713454,1485.4146418658893,0.0933333333333332,179390.44117647063,17400.57151900043,24403.24054493963
2006,3,15.0,0.0,0,15.0,15.0,439.0556131671386,45.572120627012325,29.124918750620168,433333.3333333333,241983.52941176464,191349.80392156867,179390.44117647063,171448.8529411765,181302.23529411765,21335.97967577489,3200.396951366234,16001.98475683117,1493.5185773042467,0.0933333333333335,191349.80392156867,17495.503334135417,24536.376627141126
2006,4,15.0,0.0,0,15.0,15.0,439.0556131671386,45.57126628916385,35.55683455352681,433333.3333333333,237199.78431372545,196133.54901960783,191349.80392156867,179390.44117647063,177360.8823529412,21628.690239230295,3244.3035358845445,16221.517679422725,1514.0083167461237,0.0933333333333335,196133.5490196079,17735.525996168846,24872.99377511484
2006,5,15.0,0.0,0,15.0,15.0,439.0556131671386,46.04183379915703,26.8268672131323,433333.3333333333,232416.0392156862,200917.2941176471,196133.5490196079,179390.44117647063,171448.8529411765,21450.08373160747,3217.51255974112,16087.5627987056,1501.5058612125194,0.0933333333333331,200917.2941176471,17589.06865991812,24667.59629134859
2006,6,15.0,0.0,0,15.0,15.0,439.0556131671386,46.710667508629925,26.33746905008693,433333.3333333333,227632.29411764705,205701.0392156863,200917.2941176471,191349.80392156867,171448.8529411765,21738.82152426529,3260.823228639794,16304.116143198968,1521.7175066985728,0.0933333333333334,205701.0392156863,17825.83364989754,24999.644752905086
2006,7,15.0,0.0,0,15.0,15.0,439.0556131671386,46.21972245495117,24.120989628360675,433333.3333333333,218064.8039215686,215268.5294117648,205701.0392156863,196133.5490196079,179390.44117647063,21407.894028835133,3211.18410432527,16055.92052162635,1498.5525820184594,0.0933333333333333,215268.5294117648,17554.47310364481,24619.0781331604
2006,8,15.0,0.0,0,15.0,15.0,439.0556131671386,44.99008273982862,30.59058370760737,433333.3333333333,213281.05882352937,220052.274509804,215268.5294117648,200917.2941176471,179390.44117647063,21129.42125584066,3169.4131883760992,15847.065941880495,1479.0594879088458,0.0933333333333333,220052.274509804,17326.125429789343,24298.83444421676
2006,9,15.0,0.0,0,15.0,15.0,439.0556131671386,46.643404842943696,30.51410484356991,433333.3333333333,213281.05882352937,220052.274509804,220052.274509804,205701.0392156863,191349.80392156867,21902.330459160385,3285.3495688740577,16426.74784437029,1533.1631321412242,0.0933333333333331,220052.274509804,17959.910976511514,25187.680028034443
2006,10,15.0,0.0,0,15.0,15.0,439.0556131671386,45.96011295303678,29.09668891323213,433333.3333333333,218064.8039215686,215268.5294117648,220052.274509804,215268.5294117648,196133.5490196079,21516.33268283803,3227.4499024257043,16137.249512128525,1506.1432877986608,0.0933333333333332,215268.5294117648,17643.392799927184,24743.782585263736
2006,11,15.0,0.0,0,15.0,15.0,439.0556131671386,44.86981398665343,27.84046737481588,433333.3333333333,225240.42156862727,208092.91176470605,215268.5294117648,220052.274509804,200917.2941176471,20949.540285015057,3142.4310427522582,15712.155213761293,1466.467819951053,0.0933333333333332,208092.911764706,17178.623033712345,24091.971327767315
2006,12,15.0,0.0,0,15.0,15.0,439.0556131671386,45.68412056217954,33.171366678656746,433333.3333333333,225240.42156862727,208092.91176470605,208092.911764706,220052.274509804,205701.0392156863,21573.27427998924,3235.991141998386,16179.95570999193,1510.129199599247,0.0933333333333333,208092.911764706,17690.084909591176,24809.265421987628
2007,1,15.0,0.0,0,15.0,15.0,461.2471200156761,48.38015778954951,24.7108795339118,450666.66666666674,236779.1666666667,213887.5000000001,208092.911764706,215268.5294117648,215268.5294117648,23510.72469730289,3526.6087045954337,17633.04352297717,1645.7507288112029,0.0933333333333333,213887.5000000001,19278.79425178837,27037.333401898322
2007,2,15.0,0.0,0,15.0,15.0,461.2471200156761,48.36453033341058,28.84475315875105,450666.66666666674,236779.1666666667,213887.5000000001,213887.5000000001,208092.911764706,220052.274509804,23703.063266302597,3555.459489945389,17777.297449726946,1659.2144286411783,0.0933333333333331,213887.5000000001,19436.511878368125,27258.522756247985
2007,3,15.0,0.0,0,15.0,15.0,461.2471200156761,47.56372555764997,31.8350288665226,450666.66666666674,222520.00000000003,228146.66666666672,213887.5000000001,208092.911764706,220052.274509804,23452.8240068092,3517.9236010213795,17589.6180051069,1641.6976804766457,0.0933333333333334,228146.66666666672,19231.315685583544,26970.747607830577
2007,4,15.0,0.0,0,15.0,15.0,461.24712001567616,48.9300627758915,32.79384035734859,450666.66666666674,216816.3333333333,233850.33333333343,228146.66666666672,213887.5000000001,215268.5294117648,24173.455204913826,3626.018280737074,18130.09140368537,1692.1418643439683,0.0933333333333333,233850.3333333334,19822.233268029337,27799.4734856509
2007,5,15.0,0.0,0,15.0,15.0,461.2471200156761,47.43388913931663,29.072362872446355,450666.66666666674,211112.66666666663,239554.0000000001,233850.3333333334,213887.5000000001,208092.911764706,23257.75999416226,3488.663999124339,17443.319995621696,1628.0431995913532,0.093333333333333,239554.0000000001,19071.36319521305,26746.4239932866
2007,6,15.0,0.0,0,15.0,15.0,461.24712001567616,48.37027390301759,32.92663538136708,450666.66666666674,205409.0000000001,245257.66666666663,239554.0000000001,228146.66666666672,208092.911764706,23903.3199042378,3585.49798563567,17927.48992817835,1673.23239329665,0.0933333333333335,245257.6666666667,19600.722321475,27488.81788987347
2007,7,15.0,0.0,0,15.0,15.0,461.24712001567616,47.721923767618506,29.44302307000855,450666.66666666674,194001.6666666667,256665.0000000001,245257.6666666667,233850.3333333334,213887.5000000001,23416.677601856863,3512.501640278529,17562.508201392648,1639.1674321299795,0.0933333333333333,256665.0000000001,19201.675633522627,26929.179242135393
2007,8,15.0,0.0,0,15.0,15.0,461.2471200156761,47.22019517868992,26.411380127757987,450666.66666666674,188298.0,262368.66666666674,256665.0000000001,239554.0000000001,213887.5000000001,23027.329557320143,3454.0994335980213,17270.497167990106,1611.9130690124148,0.0933333333333336,262368.66666666674,18882.41023700252,26481.428990918164
2007,9,15.0,0.0,0,15.0,15.0,461.2471200156761,48.755283815810095,34.06872008571247,450666.66666666674,188298.0,262368.66666666674,262368.66666666674,245257.6666666667,228146.66666666672,24149.26436260961,3622.3896543914416,18111.948271957208,1690.448505382672,0.0933333333333333,262368.66666666674,19802.39677733988,27771.654017001052
2007,10,15.0,0.0,0,15.0,15.0,461.24712001567616,48.04765506063048,33.01059869367607,450666.66666666674,194001.6666666667,256665.0000000001,262368.66666666674,256665.0000000001,233850.3333333334,23747.924379601085,3562.1886569401627,17810.943284700814,1662.3547065720704,0.093333333333333,256665.0000000001,19473.297991272884,27310.113036541246
2007,11,15.0,0.0,0,15.0,15.0,461.2471200156761,48.39457197793285,28.06464073618463,450666.66666666674,202557.1666666667,248109.5000000001,256665.0000000001,262368.66666666674,239554.0000000001,23680.033225354982,3552.004983803248,17760.024919016236,1657.6023257748493,0.0933333333333333,248109.5000000001,19417.627244791085,27232.03820915823
2007,12,15.0,0.0,0,15.0,15.0,461.2471200156761,48.39437964230147,34.61410969939791,450666.66666666674,202557.1666666667,248109.5000000001,248109.5000000001,262368.66666666674,245257.6666666667,23996.89660072975,3599.5344901094622,17997.67245054731,1679.782762051091,0.0933333333333338,248109.5000000001,19677.4552125984,27596.43109083921
2008,1,15.0,0.0,0,15.0,15.0,461.0027739953002,50.12923390555415,34.69393096744202,468693.3333333333,163601.42156862735,305091.911764706,248109.5000000001,256665.0000000001,256665.0000000001,24848.89606928977,3727.3344103934655,18636.67205196733,1739.422724850279,0.093333333333333,305091.911764706,20376.09477681761,28576.230479683236
2008,2,15.0,0.0,0,15.0,15.0,461.0027739953002,48.06209865357031,32.46570751312567,468693.3333333333,163601.42156862735,305091.911764706,305091.911764706,248109.5000000001,262368.66666666674,23717.1308406855,3557.5696261028247,17787.848130514125,1660.1991588479868,0.0933333333333334,305091.911764706,19448.04728936211,27274.700466788323
2008,3,15.0,0.0,0,15.0,15.0,461.0027739953002,50.22753239143264,29.1029779486024,468693.3333333333,143261.96078431368,325431.37254901964,305091.911764706,248109.5000000001,262368.66666666674,24616.80253098982,3692.520379648473,18462.601898242363,1723.1761771692873,0.0933333333333333,325431.37254901964,20185.77807541165,28309.322910638293
2008,4,15.0,0.0,0,15.0,15.0,461.0027739953003,50.231303358070505,24.037293256197323,468693.3333333333,135126.17647058814,333567.1568627452,325431.37254901964,305091.911764706,256665.0000000001,24364.19475892889,3654.629213839334,18273.14606919667,1705.4936331250174,0.093333333333333,333567.1568627452,19978.63970232169,28018.823972768223
2008,5,15.0,0.0,0,15.0,15.0,461.0027739953003,49.98215722657209,31.07133771453524,468693.3333333333,126990.3921568626,341702.9411764707,333567.1568627452,305091.911764706,248109.5000000001,24594.9256186068,3689.23884279102,18446.1942139551,1721.644793302472,0.0933333333333331,341702.9411764707,20167.83900725757,28284.16446139782
2008,6,15.0,0.0,0,15.0,15.0,461.0027739953003,51.340209972635314,28.44518934517906,468693.3333333333,118854.60784313724,349838.7254901961,341702.9411764707,325431.37254901964,248109.5000000001,25128.36120857892,3769.254181286838,18846.27090643419,1758.9852846005306,0.0933333333333336,349838.7254901961,20605.25619103472,28897.615389865758
2008,7,15.0,0.0,0,15.0,15.0,461.0027739953003,49.51109985452755,28.49472886924639,468693.3333333333,102583.0392156862,366110.2941176471,349838.7254901961,333567.1568627452,305091.911764706,24235.559742868456,3635.333961430268,18176.669807151346,1696.4891820007906,0.0933333333333332,366110.2941176471,19873.158989152133,27870.893704298724
2008,8,15.0,0.0,0,15.0,15.0,461.0027739953003,50.890216431003765,30.986253328979053,468693.3333333333,94447.25490196072,374246.0784313726,366110.2941176471,341702.9411764707,305091.911764706,25037.4280822116,3755.61421233174,18778.071061658706,1752.6199657548095,0.0933333333333331,374246.0784313726,20530.69102741351,28793.042294543342
2008,9,15.0,0.0,0,15.0,15.0,461.0027739953003,49.73408657382847,31.539802299340067,468693.3333333333,94447.25490196072,374246.0784313726,374246.0784313726,349838.7254901961,325431.37254901964,24496.15513073416,3674.423269610124,18372.11634805062,1714.7308591513902,0.0933333333333332,374246.0784313726,20086.84720720201,28170.578400344286
2008,10,15.0,0.0,0,15.0,15.0,461.0027739953003,50.235556776320536,32.90593497159867,468693.3333333333,102583.0392156862,366110.2941176471,374246.0784313726,366110.2941176471,333567.1568627452,24811.77899162583,3721.766848743874,18608.83424371937,1736.8245294138069,0.0933333333333332,366110.2941176471,20345.65877313318,28533.545840369705
2008,11,15.0,0.0,0,15.0,15.0,461.0027739953003,49.59625226174022,29.017013560206696,468693.3333333333,114786.7156862744,353906.6176470589,366110.2941176471,374246.0784313726,341702.9411764707,24303.144996847277,3645.471749527091,18227.35874763545,1701.220149779307,0.0933333333333332,353906.6176470589,19928.57889741476,27948.61674637437
2008,12,15.0,0.0,0,15.0,15.0,461.0027739953003,49.844208214336376,25.609455155603644,468693.3333333333,114786.7156862744,353906.6176470589,353906.6176470589,374246.0784313726,349838.7254901961,24254.80126944002,3638.220190416003,18191.10095208001,1697.8360888607967,0.093333333333333,353906.6176470589,19888.93704094081,27893.021459856023
2009,1,15.0,0.0,0,15.0,15.0,579.4261942492524,52.447422537441135,30.783165816539668,487441.0666666667,138049.15490196075,349391.911764706,353906.6176470589,366110.2941176471,366110.2941176471,32003.90814367215,4800.586221550822,24002.931107754117,2240.2735700570483,0.0933333333333332,349391.911764706,26243.20467781116,36804.49436522297
2009,2,15.0,0.0,0,15.0,15.0,579.4261942492524,52.21461708110344,29.29623859987456,487441.0666666667,138049.15490196075,349391.911764706,349391.911764706,353906.6176470589,374246.0784313726,31784.208739894864,4767.6313109842295,23838.15655492115,2224.894611792639,0.0933333333333332,349391.911764706,26063.051166713787,36551.840050879095
2009,3,15.0,0.0,0,15.0,15.0,579.4261942492523,51.07822972214914,28.738064031703924,487441.0666666667,114756.3607843137,372684.705882353,349391.911764706,353906.6176470589,374246.0784313726,31063.953693275125,4659.593053991269,23297.965269956345,2174.476758529254,0.0933333333333331,372684.705882353,25472.4420284856,35723.546747266395
2009,4,15.0,0.0,0,15.0,15.0,579.4261942492523,51.93635470256806,27.593168192335146,487441.0666666667,105439.24313725485,382001.8235294119,372684.705882353,349391.911764706,366110.2941176471,31526.372919093006,4728.955937863951,23644.77968931976,2206.8461043365096,0.0933333333333333,382001.8235294119,25851.625793656265,36255.328856956956
2009,5,15.0,0.0,0,15.0,15.0,579.4261942492524,52.08149774645666,31.21215257044361,487441.0666666667,96122.125490196,391318.9411764707,382001.8235294119,349391.911764706,353906.6176470589,31802.95968379002,4770.443952568503,23852.21976284252,2226.2071778653008,0.0933333333333333,391318.9411764707,26078.426940707817,36573.403636358526
2009,6,15.0,0.0,0,15.0,15.0,579.4261942492524,53.7194750367579,30.523733438495515,487441.0666666667,86805.00784313731,400636.0588235294,391318.9411764707,372684.705882353,353906.6176470589,32766.18991409425,4914.928487114138,24574.64243557069,2293.633293986597,0.0933333333333333,400636.0588235294,26868.27572955729,37681.11840120839
2009,7,15.0,0.0,0,15.0,15.0,579.4261942492523,52.41656662836768,29.7766622527015,487441.0666666667,68170.77254901954,419270.2941176472,400636.0588235294,382001.8235294119,349391.911764706,31932.322118026572,4789.848317703986,23949.24158851993,2235.2625482618605,0.0933333333333333,419270.2941176472,26184.50413678179,36722.17043573056
2009,8,15.0,0.0,0,15.0,15.0,579.4261942492524,50.67550934355024,29.920458373652348,487441.0666666667,58853.65490196075,428587.411764706,419270.2941176472,391318.9411764707,349391.911764706,30878.951988453067,4631.84279826796,23159.2139913398,2161.526639191721,0.0933333333333336,428587.411764706,25320.74063053152,35510.794786721024
2009,9,15.0,0.0,0,15.0,15.0,579.4261942492524,52.25871048374229,37.389726337455855,487441.0666666667,58853.65490196075,428587.411764706,428587.411764706,400636.0588235294,372684.705882353,32234.00461570376,4835.100692355564,24175.503461777826,2256.38032309926,0.0933333333333331,428587.411764706,26431.88378487708,37069.10530805933
2009,10,15.0,0.0,0,15.0,15.0,579.4261942492523,52.05663754396458,30.90464202700084,487441.0666666667,68170.77254901954,419270.2941176472,428587.411764706,419270.2941176472,382001.8235294119,31771.77112593769,4765.765668890654,23828.828344453268,2224.02397881564,0.0933333333333333,419270.2941176472,26052.852323268908,36537.53679482834
2009,11,15.0,0.0,0,15.0,15.0,579.4261942492523,52.18275690002528,26.493965887141403,487441.0666666667,82146.4490196078,405294.6176470589,419270.2941176472,428587.411764706,391318.9411764707,31618.58441722182,4742.787662583273,23713.938312916365,2213.300909205518,0.0933333333333329,405294.6176470589,25927.239222121883,36361.37207980509
2009,12,15.0,0.0,0,15.0,15.0,579.4261942492523,53.12478456740149,32.25579909806032,487441.0666666667,82146.4490196078,405294.6176470589,405294.6176470589,428587.411764706,400636.0588235294,32495.47412033469,4874.321118050203,24371.605590251016,2274.683188423427,0.0933333333333332,405294.6176470589,26646.288778674443,37369.79523838489
2010,1,15.0,0.0,0,15.0,15.0,814.6325935074254,54.89598345237128,27.271837635615785,506938.7093333334,177104.88580392156,329833.82352941186,405294.6176470589,419270.2941176472,419270.2941176472,46217.17172050645,6932.575758075967,34662.87879037984,3235.2020204354485,0.0933333333333332,329833.82352941186,37898.080810815285,53149.747478582416
2010,2,15.0,0.0,0,15.0,15.0,814.6325935074254,55.38539334348573,25.79444681162316,506938.7093333334,177104.88580392156,329833.82352941186,329833.82352941186,405294.6176470589,428587.411764706,46547.38220457205,6982.107330685808,34910.53665342904,3258.31675432004,0.0933333333333332,329833.82352941186,38168.85340774908,53529.48953525786
2010,3,15.0,0.0,0,15.0,15.0,814.6325935074254,54.73264356977706,36.57136687742994,506938.7093333334,155115.96423529414,351822.7450980393,329833.82352941186,405294.6176470589,428587.411764706,46588.64296892692,6988.296445339038,34941.48222669519,3261.205007824894,0.0933333333333336,351822.7450980393,38202.68723452008,53576.93941426596
2010,4,15.0,0.0,0,15.0,15.0,814.6325935074253,53.47072883463229,28.301106811191683,506938.7093333334,146320.39560784312,360618.3137254903,351822.7450980393,329833.82352941186,419270.2941176472,45072.27931530996,6760.841897296495,33804.20948648248,3155.059552071689,0.093333333333333,360618.3137254903,36959.269038554165,51833.12121260646
2010,5,15.0,0.0,0,15.0,15.0,814.6325935074253,54.34287898680696,28.489573037651404,506938.7093333334,137524.82698039216,369413.88235294126,360618.3137254903,329833.82352941186,405294.6176470589,45817.68586765361,6872.652880148041,34363.264400740205,3207.238010735753,0.0933333333333333,369413.88235294126,37570.50241147596,52690.338747801645
2010,6,15.0,0.0,0,15.0,15.0,814.6325935074254,53.02262714988394,30.205688924418084,506938.7093333334,128729.25835294124,378209.45098039217,369413.88235294126,351822.7450980393,405294.6176470589,44795.545251331976,6719.331787699796,33596.65893849898,3135.688167593238,0.0933333333333333,378209.45098039217,36732.34710609222,51514.87703903177
2010,7,15.0,0.0,0,15.0,15.0,814.6325935074254,53.41331492375596,31.420777291905544,506938.7093333334,111138.1210980392,395800.5882352942,378209.45098039217,360618.3137254903,329833.82352941186,45190.51513680994,6778.57727052149,33892.88635260746,3163.336059576693,0.0933333333333332,395800.5882352942,37056.22241218415,51969.09240733143
2010,8,15.0,0.0,0,15.0,15.0,814.6325935074253,53.5276185073498,34.649803215052614,506938.7093333334,102342.55247058824,404596.1568627452,395800.5882352942,369413.88235294126,329833.82352941186,45460.06413676851,6819.009620515276,34095.04810257638,3182.2044895737927,0.0933333333333332,404596.1568627452,37277.25259215017,52279.07375728378
2010,9,15.0,0.0,0,15.0,15.0,814.6325935074253,53.63655526086785,29.03381545138297,506938.7093333334,102342.55247058824,404596.1568627452,404596.1568627452,378209.45098039217,351822.7450980393,45251.35996585706,6787.703994878559,33938.519974392795,3167.595197609997,0.0933333333333334,404596.1568627452,37106.11517200279,52039.06396073562
2010,10,15.0,0.0,0,15.0,15.0,814.6325935074254,54.91397166863258,26.30740705069813,506938.7093333334,111138.1210980392,395800.5882352942,404596.1568627452,395800.5882352942,360618.3137254903,46179.355365668656,6926.903304850298,34634.51652425149,3232.554875596805,0.0933333333333333,395800.5882352942,37867.0713998483,53106.25867051895
2010,11,15.0,0.0,0,15.0,15.0,814.6325935074254,54.44512584242015,33.921428262847286,506938.7093333334,124331.47403921564,382607.23529411777,395800.5882352942,404596.1568627452,369413.88235294126,46199.63049937422,6929.944574906133,34649.722874530664,3233.9741349561955,0.0933333333333333,382607.23529411777,37883.69700948686,53129.57507428036
2010,12,15.0,0.0,0,15.0,15.0,814.6325935074254,52.97717130708786,30.55390157559692,506938.7093333334,124331.47403921564,382607.23529411777,382607.23529411777,404596.1568627452,378209.45098039217,44775.58973645044,6716.338460467566,33581.69230233783,3134.29128155153,0.0933333333333333,382607.23529411777,36715.98358388936,51491.92819691801
2011,1,12.0,-3.0,1,14.0,14.5,1117.5381037603054,56.52369570908295,32.34546861533193,527216.2577066668,161554.49300078442,365661.7647058824,382607.23529411777,395800.5882352942,395800.5882352942,64995.66914583379,7799.480297500054,48746.75185937534,4549.696840208359,0.0933333333333332,365661.7647058824,53296.4486995837,72795.14944333384
2011,2,12.0,0.0,0,13.0,14.0,1117.5381037603054,55.32622890498175,26.03863016074717,527216.2577066668,161554.49300078442,365661.7647058824,365661.7647058824,382607.23529411777,404596.1568627452,63269.78815132755,7592.374578159306,47452.34111349566,4428.885170592926,0.0933333333333333,365661.7647058824,51881.22628408859,70862.16272948685
2011,3,12.0,0.0,0,12.0,13.5,1117.5381037603054,56.73334272617773,30.89095401969956,527216.2577066668,137177.04202039223,390039.2156862746,365661.7647058824,382607.23529411777,404596.1568627452,65154.21933173439,7818.506319808127,48865.66449880079,4560.795353221409,0.0933333333333333,390039.2156862746,53426.4598520222,72972.72565154253
2011,4,12.0,0.0,0,12.0,13.0,1117.5381037603054,56.51618375396092,31.039344628490927,527216.2577066668,127426.06162823531,399790.1960784315,390039.2156862746,365661.7647058824,395800.5882352942,64913.21412879677,7789.585695455612,48684.910596597576,4543.9249890157735,0.0933333333333333,399790.1960784315,53228.83558561335,72702.79982425238
2011,5,12.0,0.0,0,12.0,12.5,1117.5381037603054,55.77176969642142,30.69676109148301,527216.2577066668,117675.08123607846,409541.1764705884,399790.1960784315,365661.7647058824,382607.23529411777,64039.09043991552,7684.690852789862,48029.31782993664,4482.736330794076,0.0933333333333331,409541.1764705884,52512.05416073072,71723.78129270537
2011,6,12.0,0.0,0,12.0,12.0,1117.5381037603056,56.55024745232316,27.856945745920896,527216.2577066668,107924.10084392173,419292.1568627451,409541.1764705884,390039.2156862746,382607.23529411777,64772.37348024305,7772.684817629165,48579.28011018229,4534.066143617005,0.0933333333333331,419292.1568627451,53113.34625379929,72545.05829787221
2011,7,12.0,0.0,0,12.0,12.0,1117.5381037603056,57.808409082600015,31.42149876273536,527216.2577066668,88422.14005960792,438794.1176470589,419292.1568627451,399790.1960784315,365661.7647058824,66419.52672203346,7970.343206644015,49814.6450415251,4649.366870542341,0.0933333333333332,438794.1176470589,54464.01191206744,74389.86992867748
2011,8,12.0,0.0,0,12.0,12.0,1117.5381037603054,55.3627466759221,31.96966082590149,527216.2577066668,78671.15966745111,448545.0980392157,438794.1176470589,409541.1764705884,365661.7647058824,63639.90717279166,7636.788860734999,47729.93037959375,4454.793502095417,0.0933333333333333,448545.0980392157,52184.72388168916,71276.69603352666
2011,9,12.0,0.0,0,12.0,12.0,1117.5381037603054,55.53604413750236,32.36125381122736,527216.2577066668,78671.15966745111,448545.0980392157,448545.0980392157,419292.1568627451,390039.2156862746,63860.86147577824,7663.303377093389,47895.64610683368,4470.2603033044725,0.0933333333333332,448545.0980392157,52365.90641013815,71524.16485287163
2011,10,12.0,0.0,0,12.0,12.0,1117.5381037603056,57.24266593689013,27.537953044944867,527216.2577066668,88422.14005960792,438794.1176470589,448545.0980392157,438794.1176470589,399790.1960784315,65547.20619203438,7865.664743044126,49160.40464402579,4588.304433442405,0.0933333333333333,438794.1176470589,53748.70907746819,73412.8709350785
2011,11,12.0,0.0,0,12.0,12.0,1117.5381037603054,57.08649037707967,31.238342780809496,527216.2577066668,103048.61064784322,424167.6470588236,438794.1176470589,448545.0980392157,409541.1764705884,65579.61556088513,7869.553867306215,49184.71167066385,4590.573089261954,0.0933333333333332,424167.6470588236,53775.2847599258,73449.16942819134
2011,12,12.0,0.0,0,12.0,12.0,1117.5381037603054,56.973437601679805,35.69037894796184,527216.2577066668,103048.61064784322,424167.6470588236,424167.6470588236,448545.0980392157,419292.1568627451,65703.39100005933,7884.40692000712,49277.5432500445,4599.23737000415,0.0933333333333332,424167.6470588236,53876.78062004865,73587.79792006646
2012,1,12.0,0.0,0,12.0,12.0,1023.843144090086,58.17211055982928,27.73879150692753,548304.9080149335,103240.2021325804,445064.70588235307,424167.6470588236,438794.1176470589,438794.1176470589,61172.740620268734,7340.728874432248,45879.55546520155,4282.091843418813,0.0933333333333333,445064.70588235307,50161.64730862036,68513.46949470098
2012,2,12.0,0.0,0,12.0,12.0,1023.843144090086,57.656809508931154,27.55256914510369,548304.9080149335,103240.2021325804,445064.70588235307,445064.70588235307,424167.6470588236,448545.0980392157,60620.12235650814,7274.414682780976,45465.09176738111,4243.408564955556,0.093333333333333,445064.70588235307,49708.50033233666,67894.53703928912
2012,3,12.0,0.0,0,12.0,12.0,1023.843144090086,58.30673968510029,31.02345592444993,548304.9080149335,73569.22174042353,474735.68627450994,445064.70588235307,424167.6470588236,448545.0980392157,61505.83224955435,7380.699869946521,46129.37418716576,4305.4082574688,0.0933333333333332,474735.68627450994,50434.78244463456,68886.53211950087
2012,4,12.0,0.0,0,12.0,12.0,1023.843144090086,58.58977369209559,32.48154974710807,548304.9080149335,61700.829583560815,486604.0784313727,474735.68627450994,445064.70588235307,438794.1176470589,61889.82475729336,7426.778970875202,46417.368567970014,4332.287733010533,0.0933333333333333,486604.0784313727,50749.65630098055,69316.60372816856
2012,5,12.0,0.0,0,12.0,12.0,1023.843144090086,58.3788225661339,34.36060223147195,548304.9080149335,49832.437426698045,498472.4705882354,486604.0784313727,445064.70588235307,424167.6470588236,61776.6887453244,7413.202649438927,46332.5165589933,4324.368212172703,0.0933333333333332,498472.4705882354,50656.884771166006,69189.89139476333
2012,6,12.0,0.0,0,12.0,12.0,1023.843144090086,58.15669558604121,38.160507499768855,548304.9080149335,37964.04526983539,510340.8627450981,498472.4705882354,474735.68627450994,424167.6470588236,61762.62307677536,7411.514769213043,46321.96730758152,4323.383615374267,0.0933333333333331,510340.8627450981,50645.35092295579,69174.1378459884
2012,7,12.0,0.0,0,12.0,12.0,1023.8431440900856,58.86895493084358,27.42852733075115,548304.9080149335,14227.26095610985,534077.6470588236,510340.8627450981,486604.0784313727,445064.70588235307,61887.26464494584,7426.4717573935,46415.44848370938,4332.108525146206,0.0933333333333332,534077.6470588236,50747.55700885558,69313.73640233935
2012,8,12.0,0.0,0,12.0,12.0,1023.843144090086,57.511707054182686,31.44741724572956,548304.9080149335,2358.868799247197,545946.0392156863,534077.6470588236,498472.4705882354,445064.70588235307,60691.56162058943,7282.987394470731,45518.67121544207,4248.4093134412615,0.0933333333333333,545946.0392156863,49767.08052888333,67974.54901506017
2012,9,12.0,0.0,0,12.0,12.0,1023.843144090086,58.189650824370894,32.14200148227628,548304.9080149335,2358.868799247197,545946.0392156863,545946.0392156863,510340.8627450981,474735.68627450994,61447.40689657822,7373.688827589386,46085.55517243367,4301.318482760471,0.0933333333333332,545946.0392156863,50386.87365519414,68821.09572416761
2012,10,12.0,0.0,0,12.0,12.0,1023.8431440900856,58.74701115229041,29.78151326202938,548304.9080149335,14227.26095610985,534077.6470588236,545946.0392156863,534077.6470588236,486604.0784313727,61897.29949579287,7427.675939495144,46422.97462184465,4332.810964705495,0.0933333333333332,534077.6470588236,50755.78558655015,69324.97543528801
2012,11,12.0,0.0,0,12.0,12.0,1023.843144090086,57.69098607817685,25.45545832594241,548304.9080149335,32029.84919140401,516275.0588235295,534077.6470588236,545946.0392156863,498472.4705882354,60535.07106383352,7264.208527660023,45401.30329787514,4237.454974468339,0.0933333333333331,516275.0588235295,49638.75827234348,67799.27959149354
2012,12,12.0,0.0,0,12.0,12.0,1023.843144090086,58.01120909097796,32.56919638297042,548304.9080149335,32029.84919140401,516275.0588235295,516275.0588235295,545946.0392156863,510340.8627450981,61283.75716947187,7354.050860336624,45962.8178771039,4289.863001863028,0.0933333333333332,516275.0588235295,50252.68087896693,68637.8080298085
2013,1,12.0,0.0,0,12.0,12.0,823.3516548901684,60.59232762688311,26.262783663864035,570237.1043355308,134007.69257082482,436229.411764706,516275.0588235295,534077.6470588236,534077.6470588236,51480.11641739629,6177.613970087555,38610.08731304722,3603.60814921774,0.0933333333333333,436229.411764706,42213.69546226496,57657.73038748385
2013,2,12.0,0.0,0,12.0,12.0,823.3516548901684,60.55959737225989,31.15595213918651,570237.1043355308,134007.69257082482,436229.411764706,436229.411764706,516275.0588235295,545946.0392156863,51748.636633231006,6209.836395987721,38811.47747492325,3622.404564326178,0.0933333333333335,436229.411764706,42433.88203924943,57958.47302921873
2013,3,12.0,0.0,0,12.0,12.0,823.3516548901684,59.71396668261804,30.461175317836584,570237.1043355308,104925.73178651108,465311.3725490197,436229.411764706,516275.0588235295,545946.0392156863,50984.55089623263,6118.146107547915,38238.41317217447,3568.918562736275,0.0933333333333331,465311.3725490197,41807.331734910746,57102.697003780544
2013,4,12.0,0.0,0,12.0,12.0,823.3516548901683,60.46761960633575,26.571089106508133,570237.1043355308,93292.94747278554,476944.1568627453,465311.3725490197,436229.411764706,534077.6470588236,51392.80517876412,6167.136621451694,38544.60388407309,3597.496362513477,0.093333333333333,476944.1568627453,42142.10024658657,57559.94180021582
2013,5,12.0,0.0,0,12.0,12.0,823.3516548901683,60.70728251985757,31.682353579104703,570237.1043355308,81660.16315906,488576.9411764708,476944.1568627453,436229.411764706,516275.0588235295,51906.79111623045,6228.814933947654,38930.09333717284,3633.4753781361287,0.0933333333333332,488576.9411764708,42563.56871530897,58135.6060501781
2013,6,12.0,0.0,0,12.0,12.0,823.3516548901684,61.287493626119165,33.16140615610471,570237.1043355308,70027.3788453347,500209.7254901961,488576.9411764708,465311.3725490197,516275.0588235295,52493.53876956128,6299.224652347353,39370.15407717096,3674.547713869288,0.0933333333333332,500209.7254901961,43044.70179104025,58792.76342190863
2013,7,12.0,0.0,0,12.0,12.0,823.3516548901683,59.31891713721327,27.18652488025463,570237.1043355308,46761.81021788361,523475.2941176472,500209.7254901961,476944.1568627453,436229.411764706,50453.00380783792,6054.360456940551,37839.75285587844,3531.7102665486527,0.0933333333333333,523475.2941176472,41371.46312242709,56507.36426477847
2013,8,12.0,0.0,0,12.0,12.0,823.3516548901683,60.83308084534588,31.541357852736628,570237.1043355308,35129.02590415813,535108.0784313726,523475.2941176472,488576.9411764708,436229.411764706,52005.77575831045,6240.693090997253,39004.33181873283,3640.404303081727,0.0933333333333332,535108.0784313726,42644.73612181456,58246.4688493077
2013,9,12.0,0.0,0,12.0,12.0,823.3516548901683,60.833090780623785,41.55819447196416,570237.1043355308,35129.02590415813,535108.0784313726,535108.0784313726,500209.7254901961,465311.3725490197,52615.139383302245,6313.816725996269,39461.35453747668,3683.059756831157,0.0933333333333333,535108.0784313726,43144.41429430784,58928.95610929852
2013,10,12.0,0.0,0,12.0,12.0,823.3516548901683,60.87776504013348,33.4066969205418,570237.1043355308,46761.81021788361,523475.2941176472,535108.0784313726,523475.2941176472,476944.1568627453,52157.53363770443,6258.904036524531,39118.15022827832,3651.0273546393073,0.0933333333333332,523475.2941176472,42769.177582917626,58416.43767422896
2013,11,12.0,0.0,0,12.0,12.0,823.3516548901683,61.18425404237351,31.954173753917395,570237.1043355308,64210.986688471865,506026.1176470589,523475.2941176472,535108.0784313726,488576.9411764708,52331.24910368253,6279.749892441903,39248.4368277619,3663.187437257773,0.0933333333333332,506026.1176470589,42911.62426501967,58610.998996124436
2013,12,12.0,0.0,0,12.0,12.0,823.3516548901683,60.16883723586667,32.276907661479804,570237.1043355308,64210.986688471865,506026.1176470589,506026.1176470589,535108.0784313726,500209.7254901961,51482.17571452868,6177.8610857434405,38611.631785896505,3603.752300017004,0.0933333333333332,506026.1176470589,42215.38408591351,57660.03680027212
2014,1,12.0,0.0,0,12.0,12.0,821.6076233045335,61.85542403889626,29.289544179779973,593046.5885089521,116971.58850895194,476075.0000000001,506026.1176470589,523475.2941176472,523475.2941176472,52632.60510823794,6315.912612988553,39474.453831178456,3684.282357576653,0.0933333333333332,476075.0000000001,43158.73618875511,58948.5177212265
2014,2,12.0,0.0,0,12.0,12.0,821.6076233045335,62.08539337226304,30.24562241815897,593046.5885089521,116971.58850895194,476075.0000000001,476075.0000000001,506026.1176470589,535108.0784313726,52887.64385613241,6346.517262735889,39665.73289209931,3702.13506992926,0.0933333333333331,476075.0000000001,43367.86796202857,59234.1611188683
2014,3,12.0,0.0,0,12.0,12.0,821.6076233045335,64.32541106386512,24.39820442222476,593046.5885089521,85233.25517561863,507813.33333333343,476075.0000000001,506026.1176470589,535108.0784313726,54419.67263094919,6530.360715713902,40814.75447321189,3809.377084166437,0.0933333333333331,507813.33333333343,44624.13155737833,60950.0333466631
2014,4,12.0,0.0,0,12.0,12.0,821.6076233045335,63.02269236282593,25.161852386431043,593046.5885089521,72537.92184228526,520508.6666666668,507813.33333333343,476075.0000000001,523475.2941176472,53365.69216870307,6403.883060244368,40024.2691265273,3735.598451809216,0.0933333333333333,520508.6666666668,43759.86757833652,59769.57522894744
2014,5,12.0,0.0,0,12.0,12.0,821.6076233045335,62.09613871789477,33.266851790902095,593046.5885089521,59842.58850895183,533204.0000000002,520508.6666666668,476075.0000000001,506026.1176470589,53084.40399191365,6370.128479029638,39813.30299393524,3715.908279433956,0.0933333333333333,533204.0000000002,43529.21127336919,59454.53247094329
2014,6,12.0,0.0,0,12.0,12.0,821.6076233045335,62.52510822580268,26.76676566621208,593046.5885089521,47147.25517561869,545899.3333333334,533204.0000000002,507813.33333333343,506026.1176470589,53044.70048639509,6365.364058367411,39783.52536479632,3713.1290340476553,0.0933333333333333,545899.3333333334,43496.65439884397,59410.06454476251
2014,7,12.0,0.0,0,12.0,12.0,821.6076233045336,61.90144124311834,32.038793246804026,593046.5885089521,21756.588508951943,571290.0000000001,545899.3333333334,520508.6666666668,476075.0000000001,52841.943496551154,6341.033219586138,39631.45762241336,3698.936044758578,0.0933333333333332,571290.0000000001,43330.39366717194,59182.976716137295
2014,8,12.0,0.0,0,12.0,12.0,821.6076233045336,61.8893909051526,30.649375768745923,593046.5885089521,9061.255175618688,583985.3333333334,571290.0000000001,533204.0000000002,476075.0000000001,52745.66656729848,6329.479988075816,39559.24992547386,3692.1966597108913,0.0933333333333332,583985.3333333334,43251.44658518475,59075.1465553743
2014,9,12.0,0.0,0,12.0,12.0,821.6076233045336,62.510141682449365,28.04519895718255,593046.5885089521,9061.255175618688,583985.3333333334,583985.3333333334,545899.3333333334,507813.33333333343,53111.91830047285,6373.430196056742,39833.93872535464,3717.834281033094,0.0933333333333332,583985.3333333334,43551.77300638773,59485.34849652959
2014,10,12.0,0.0,0,12.0,12.0,821.6076233045336,64.18883948198658,31.90175706695404,593046.5885089521,21756.588508951943,571290.0000000001,583985.3333333334,571290.0000000001,520508.6666666668,54785.77661303525,6574.293193564229,41089.33245977644,3835.004362912463,0.0933333333333332,571290.0000000001,44924.3368226889,61360.06980659947
2014,11,12.0,0.0,0,12.0,12.0,821.6076233045335,60.85357014120023,30.559362944308283,593046.5885089521,40799.58850895194,552247.0000000001,571290.0000000001,583985.3333333334,533204.0000000002,51857.40346970911,6222.888416365093,38893.05260228183,3630.018242879633,0.0933333333333332,552247.0000000001,42523.07084516146,58080.29188607421
2014,12,12.0,0.0,0,12.0,12.0,821.6076233045335,61.9442550387116,32.55730000438867,593046.5885089521,40799.58850895194,552247.0000000001,552247.0000000001,583985.3333333334,545899.3333333334,52910.60985456941,6349.273182548329,39682.957390927055,3703.742689819868,0.0933333333333335,552247.0000000001,43386.70008074692,59259.88303711774
2015,1,12.0,0.0,0,12.0,12.0,615.0127140133959,63.89229919872752,29.655790675599302,616768.4520493102,70185.36381401599,546583.0882352942,552247.0000000001,571290.0000000001,571290.0000000001,41189.35298558556,4942.722358270267,30892.01473918917,2883.254708990989,0.0933333333333333,546583.0882352942,33775.26944818016,46132.075343855824
2015,2,12.0,0.0,0,12.0,12.0,615.0127140133959,64.93030561265805,32.59726558251037,616768.4520493102,70185.36381401599,546583.0882352942,546583.0882352942,552247.0000000001,583985.3333333334,42049.51389296943,5045.941667156331,31537.13541972707,2943.46597250786,0.0933333333333333,546583.0882352942,34480.60139223493,47095.45556012576
2015,3,12.0,0.0,0,12.0,12.0,615.0127140133959,63.56607866382907,28.99649629247716,616768.4520493102,33746.49126499635,583021.9607843139,546583.0882352942,552247.0000000001,583985.3333333334,40937.14012253356,4912.456814704026,30702.85509190017,2865.59980857735,0.0933333333333333,583021.9607843139,33568.45490047752,45849.596937237584
2015,4,12.0,0.0,0,12.0,12.0,615.0127140133959,64.14635954054492,28.040012302278864,616768.4520493102,19170.94224538852,597597.5098039217,583021.9607843139,546583.0882352942,571290.0000000001,41249.49138577291,4949.938966292749,30937.118539329684,2887.4643970041,0.0933333333333332,597597.5098039217,33824.58293633378,46199.43035206566
2015,5,12.0,0.0,0,12.0,12.0,615.0127140133959,65.93867918169856,31.214945132882868,616768.4520493102,4595.393225780572,612173.0588235296,597597.5098039217,546583.0882352942,552247.0000000001,42611.39829478653,5113.367795374384,31958.548721089897,2982.7978806350548,0.0933333333333332,612173.0588235296,34941.34660172495,47724.76609016091
2015,6,12.0,0.0,0,12.0,12.0,615.012714013396,63.51760862600565,32.75358584116433,616768.4520493102,0.0,616768.4520493102,612173.0588235296,583021.9607843139,552247.0000000001,41144.56631527778,4937.347957833334,30858.42473645833,2880.11964206944,0.0933333333333331,626748.6078431372,33738.544378527775,46081.91427311111
2015,7,12.0,0.0,0,12.0,12.0,615.012714013396,66.22404074708379,33.09739578165344,616768.4520493102,0.0,616768.4520493102,626748.6078431372,597597.5098039217,546583.0882352942,42920.4703196643,5150.456438359716,32190.352739748225,3004.4329223765017,0.0933333333333333,655899.705882353,35194.78566212473,48070.92675802402
2015,8,12.0,0.0,0,12.0,12.0,615.0127140133959,63.31081981671048,28.547297781401245,616768.4520493102,0.0,616768.4520493102,655899.705882353,612173.0588235296,546583.0882352942,40744.31194798047,4889.317433757656,30558.23396098535,2852.1018363586263,0.0933333333333331,670475.2549019608,33410.33579734398,45633.62938173813
2015,9,12.0,0.0,0,12.0,12.0,615.0127140133959,65.53984470882298,27.87699160314365,616768.4520493102,0.0,616768.4520493102,670475.2549019608,626748.6078431372,583021.9607843139,42134.89147100892,5056.18697652107,31601.16860325669,2949.4424029706206,0.0933333333333332,670475.2549019608,34550.611006227315,47191.078447529995
2015,10,12.0,0.0,0,12.0,12.0,615.012714013396,64.88137133199066,32.32390216028801,616768.4520493102,0.0,616768.4520493102,670475.2549019608,655899.705882353,597597.5098039217,42000.0873707591,5040.010484491092,31500.065528069325,2940.00611595314,0.0933333333333334,655899.705882353,34440.071644022464,47040.09785525019
2015,11,12.0,0.0,0,12.0,12.0,615.0127140133959,63.78477141221122,29.8214239318146,616768.4520493102,0.0,616768.4520493102,655899.705882353,670475.2549019608,612173.0588235296,41130.59808762553,4935.671770515063,30847.948565719147,2879.141866133781,0.0933333333333331,634036.3823529413,33727.09043185293,46066.26985814059
2015,12,12.0,0.0,0,12.0,12.0,615.0127140133959,61.933301917418426,26.92683707599713,616768.4520493102,0.0,616768.4520493102,634036.3823529413,670475.2549019608,626748.6078431372,39757.43603035143,4770.892323642171,29818.07702276357,2783.0205221246,0.0933333333333333,634036.3823529413,32601.09754488817,44528.3283539936
2016,1,7.5,-4.5,1,10.5,11.25,676.0135243007866,66.37689284730652,26.25665045410545,641439.1901312826,242592.8666018707,398846.3235294119,634036.3823529413,655899.705882353,655899.705882353,46614.51213956469,3496.088410467352,34960.88410467352,3263.01584976953,0.0933333333333333,398846.3235294119,38223.89995444305,50110.600550032046
2016,2,7.5,0.0,0,9.0,10.5,676.0135243007866,67.88487641156637,25.7095758661181,641439.1901312826,242592.8666018707,398846.3235294119,398846.3235294119,634036.3823529413,670475.2549019608,47636.38592997153,3572.7289447478647,35727.28944747865,3334.547015098004,0.0933333333333332,398846.3235294119,39061.836462576655,51209.114874719395
2016,3,7.5,0.0,0,7.5,9.75,676.0135243007866,66.22691177906347,30.392221731858275,641439.1901312826,216003.1116999099,425436.0784313727,398846.3235294119,634036.3823529413,670475.2549019608,46783.07102272748,3508.7303267045613,35087.303267045616,3274.8149715909167,0.0933333333333331,425436.0784313727,38362.11823863653,50291.80134943205
2016,4,7.5,0.0,0,7.5,9.0,676.0135243007866,67.73196599967395,25.69241354646168,641439.1901312826,205367.2097391256,436071.980392157,425436.0784313727,398846.3235294119,655899.705882353,47527.92272403914,3564.5942043029354,35645.942043029354,3326.9545906827407,0.0933333333333333,436071.980392157,38972.896633712095,51092.51692834208
2016,5,7.5,0.0,0,7.5,8.25,676.0135243007866,67.50947837014502,30.03069918305876,641439.1901312826,194731.30777834123,446707.8823529413,436071.980392157,398846.3235294119,634036.3823529413,47664.677233648494,3574.8507925236368,35748.50792523637,3336.527406355388,0.0933333333333331,446707.8823529413,39085.03533159176,51239.52802617213
2016,6,7.5,0.0,0,7.5,7.5,676.0135243007866,65.79374044758269,31.38631042278981,641439.1901312826,184095.405817557,457343.7843137256,446707.8823529413,425436.0784313727,634036.3823529413,46542.48111846588,3490.686083884941,34906.86083884941,3257.973678292612,0.0933333333333333,457343.7843137256,38164.83451714202,50033.16720235082
2016,7,7.5,0.0,0,7.5,7.5,676.0135243007866,66.73819512487984,28.199349368523617,641439.1901312826,162823.60189598834,478615.5882352942,457343.7843137256,436071.980392157,398846.3235294119,46997.89617239478,3524.842212929608,35248.42212929609,3289.8527320676367,0.0933333333333334,478615.5882352942,38538.27486136372,50522.73838532439
2016,8,7.5,0.0,0,7.5,7.5,676.0135243007866,66.63478903641307,28.84405920941472,641439.1901312826,152187.69993520406,489251.4901960785,478615.5882352942,446707.8823529413,398846.3235294119,46968.03637791816,3522.602728343862,35226.02728343863,3287.762546454265,0.0933333333333331,489251.4901960785,38513.78982989289,50490.63910626202
2016,9,7.5,0.0,0,7.5,7.5,676.0135243007866,66.66976124462205,31.98639202356314,641439.1901312826,152187.69993520406,489251.4901960785,489251.4901960785,457343.7843137256,425436.0784313727,47202.18538255678,3540.1639036917586,35401.639036917586,3304.152976778976,0.0933333333333333,489251.4901960785,38705.79201369656,50742.349286248544
2016,10,7.5,0.0,0,7.5,7.5,676.0135243007866,67.84776082133733,26.286553503519453,641439.1901312826,162823.60189598834,478615.5882352942,489251.4901960785,478615.5882352942,436071.980392157,47649.48770367316,3573.7115777754866,35737.115777754865,3335.4641392571284,0.0933333333333335,478615.5882352942,39072.57991701199,51223.19928144865
2016,11,7.5,0.0,0,7.5,7.5,676.0135243007865,68.28537406814607,24.143736601432494,641439.1901312826,178777.45483716478,462661.73529411777,478615.5882352942,489251.4901960785,446707.8823529413,47810.50046723656,3585.787535042742,35857.87535042742,3346.735032706558,0.0933333333333333,462661.73529411777,39204.61038313398,51396.2880022793
2016,12,7.5,0.0,0,7.5,7.5,676.0135243007865,66.45751929239259,31.76495161945373,641439.1901312826,178777.45483716478,462661.73529411777,462661.73529411777,489251.4901960785,457343.7843137256,47037.20171820959,3527.790128865719,35277.90128865719,3292.604120274671,0.0933333333333333,462661.73529411777,38570.50540893186,50564.991847075304
2017,1,7.5,0.0,0,7.5,7.5,734.3993016553592,68.85637244155645,28.13190144053822,667096.757736534,208870.28714829864,458226.47058823536,462661.73529411777,478615.5882352942,478615.5882352942,52505.13251867922,3937.8849389009415,39378.84938900942,3675.359276307543,0.0933333333333332,458226.47058823536,43054.20866531696,56443.01745758016
2017,2,7.5,0.0,0,7.5,7.5,734.3993016553592,68.4650811470826,28.5209971960235,667096.757736534,208870.28714829864,458226.47058823536,458226.47058823536,462661.73529411777,489251.4901960785,52233.40016961642,3917.505012721231,39175.05012721232,3656.338011873144,0.0933333333333332,458226.47058823536,42831.38813908546,56150.90518233765
2017,3,7.5,0.0,0,7.5,7.5,734.3993016553593,68.16008714181305,32.54880629106307,667096.757736534,178321.8557757496,488774.9019607844,458226.47058823536,462661.73529411777,489251.4901960785,52275.2498708768,3920.64374031576,39206.4374031576,3659.26749096137,0.0933333333333332,488774.9019607844,42865.70489411897,56195.893611192565
2017,4,7.5,0.0,0,7.5,7.5,734.3993016553592,68.91719133614046,27.92127121421804,667096.757736534,166102.4832267299,500994.2745098041,488774.9019607844,458226.47058823536,478615.5882352942,52536.992779928856,3940.274458494664,39402.744584946646,3677.589494595013,0.0933333333333331,500994.2745098041,43080.33407954166,56477.26723842352
2017,5,7.5,0.0,0,7.5,7.5,734.3993016553592,69.35125884771503,30.921898562629828,667096.757736534,153883.11067771027,513213.6470588237,500994.2745098041,458226.47058823536,462661.73529411777,53075.9886579617,3980.6991493471273,39806.99149347127,3715.31920605732,0.0933333333333333,513213.6470588237,43522.31069952859,57056.68780730883
2017,6,7.5,0.0,0,7.5,7.5,734.3993016553593,69.28186864243959,31.88888652577084,667096.757736534,141663.73812869086,525433.0196078431,513213.6470588237,488774.9019607844,462661.73529411777,53089.87759581809,3981.7408196863566,39817.40819686357,3716.291431707257,0.093333333333333,525433.0196078431,43533.69962857083,57071.61841550445
2017,7,7.5,0.0,0,7.5,7.5,734.3993016553592,67.96838293863077,28.31945687940909,667096.757736534,117224.9930306516,549871.7647058824,525433.0196078431,500994.2745098041,458226.47058823536,51840.760654568185,3888.057049092614,38880.57049092614,3628.853245819773,0.0933333333333333,549871.7647058824,42509.42373674591,55728.817703660796
2017,8,7.5,0.0,0,7.5,7.5,734.3993016553593,69.22941383146703,31.8311107963004,667096.757736534,105005.62048163197,562091.137254902,549871.7647058824,513213.6470588237,458226.47058823536,53045.68231387162,3978.426173540372,39784.261735403714,3713.197761971016,0.0933333333333334,562091.137254902,43497.45949737473,57024.10848741199
2017,9,7.5,0.0,0,7.5,7.5,734.3993016553593,68.6148576721971,30.351982149926343,667096.757736534,105005.62048163197,562091.137254902,562091.137254902,525433.0196078431,488774.9019607844,52473.30049292969,3935.4975369697263,39354.97536969726,3673.1310345050806,0.0933333333333334,562091.137254902,43028.10640420234,56408.798029899415
2017,10,7.5,0.0,0,7.5,7.5,734.3993016553592,69.65371086399917,28.22528583349251,667096.757736534,117224.9930306516,549871.7647058824,562091.137254902,549871.7647058824,500994.2745098041,53119.63251472511,3983.972438604383,39839.72438604383,3718.3742760307578,0.0933333333333333,549871.7647058824,43558.09866207459,57103.60495332949
2017,11,7.5,0.0,0,7.5,7.5,734.3993016553592,69.06925685230445,29.39342204269832,667096.757736534,135554.051854181,531542.705882353,549871.7647058824,562091.137254902,513213.6470588237,52754.59581502233,3956.594686126675,39565.94686126675,3692.82170705156,0.0933333333333332,531542.705882353,43258.76856831831,56711.190501149
2017,12,7.5,0.0,0,7.5,7.5,734.3993016553592,68.45743398478665,33.29633055596157,667096.757736534,135554.051854181,531542.705882353,531542.705882353,562091.137254902,525433.0196078431,52554.47306251554,3941.5854796886656,39415.854796886655,3678.813114376084,0.0933333333333332,531542.705882353,43094.66791126274,56496.058542204206
2018,1,7.5,0.0,0,7.5,7.5,615.957513092479,71.34454360550622,32.44052890800192,693780.6280459954,217249.7456930541,476530.88235294126,531542.705882353,549871.7647058824,549871.7647058824,46259.66238122816,3469.474678592112,34694.74678592112,3238.1763666859697,0.0933333333333333,476530.88235294126,37932.92315260709,49729.13705982027
2018,2,7.5,0.0,0,7.5,7.5,615.957513092479,71.72859357203926,30.063011524898275,693780.6280459954,217249.7456930541,476530.88235294126,476530.88235294126,531542.705882353,562091.137254902,46338.14364947543,3475.360773710657,34753.60773710658,3243.670055463277,0.0933333333333332,476530.88235294126,37997.277792569854,49813.50442318609
2018,3,7.5,0.0,0,7.5,7.5,615.957513092479,71.22977290335177,29.06919973021964,693780.6280459954,185481.020202858,508299.60784313735,476530.88235294126,531542.705882353,562091.137254902,45945.10627095633,3445.8829703217243,34458.82970321724,3216.157438966948,0.0933333333333334,508299.60784313735,37674.98714218419,49390.989241278054
2018,4,7.5,0.0,0,7.5,7.5,615.957513092479,70.94354360830656,29.609570836896943,693780.6280459954,172773.5300067796,521007.0980392158,508299.60784313735,476530.88235294126,549871.7647058824,45798.81657083098,3434.9112428123235,34349.11242812323,3205.917159958168,0.0933333333333333,521007.0980392158,37555.0295880814,49233.72781364331
2018,5,7.5,0.0,0,7.5,7.5,615.957513092479,70.76180729830998,31.785471076310746,693780.6280459954,160066.03981070104,533714.5882352943,521007.0980392158,476530.88235294126,531542.705882353,45835.46422458415,3437.659816843811,34376.59816843811,3208.482495720891,0.0933333333333333,533714.5882352943,37585.080664159,49273.12404142797
2018,6,7.5,0.0,0,7.5,7.5,615.9575130924791,70.02963397972901,36.27716182705638,693780.6280459954,147358.54961462272,546422.0784313726,533714.5882352943,508299.60784313735,531542.705882353,45675.75555350261,3425.6816665126958,34256.81666512696,3197.302888745173,0.093333333333333,546422.0784313726,37454.11955387213,49101.43722001531
2018,7,7.5,0.0,0,7.5,7.5,615.957513092479,69.87939662111603,26.357434161636803,693780.6280459954,121943.56922246586,571837.0588235295,546422.0784313726,521007.0980392158,476530.88235294126,44884.58095484158,3366.3435716131185,33663.435716131185,3141.920666838909,0.0933333333333332,571837.0588235295,36805.356382970094,48250.9245264547
2018,8,7.5,0.0,0,7.5,7.5,615.9575130924791,71.61069922511585,32.37498808188881,693780.6280459954,109236.07902638742,584544.549019608,571837.0588235295,533714.5882352943,476530.88235294126,46427.54373946472,3482.065780459854,34820.657804598544,3249.9280617625263,0.0933333333333332,584544.549019608,38070.58586636107,49909.609519924576
2018,9,7.5,0.0,0,7.5,7.5,615.9575130924791,71.18350637995752,31.88503652779284,693780.6280459954,109236.07902638742,584544.549019608,584544.549019608,546422.0784313726,508299.60784313735,46115.70426410258,3458.677819807693,34586.778198076936,3228.0992984871773,0.0933333333333332,584544.549019608,37814.87749656411,49574.38208391027
2018,10,7.5,0.0,0,7.5,7.5,615.957513092479,70.67441310803827,27.308236885542502,693780.6280459954,121943.56922246586,571837.0588235295,584544.549019608,571837.0588235295,521007.0980392158,45462.42935219875,3409.682201414906,34096.82201414906,3182.370054653911,0.0933333333333333,571837.0588235295,37279.19206880297,48872.11155361366
2018,11,7.5,0.0,0,7.5,7.5,615.957513092479,70.74485417287077,27.968514865463664,693780.6280459954,141004.80451658345,552775.8235294119,571837.0588235295,584544.549019608,533714.5882352943,45554.452946000565,3416.5839709500424,34165.839709500426,3188.8117062200326,0.0933333333333331,552775.8235294119,37354.65141572046,48971.03691695061
2018,12,7.5,0.0,0,7.5,7.5,615.957513092479,71.46430631305,29.558827855493583,693780.6280459954,141004.80451658345,552775.8235294119,552775.8235294119,584544.549019608,546422.0784313726,46131.377519585134,3459.853313968885,34598.53313968885,3229.19642637096,0.0933333333333333,552775.8235294119,37827.72956605981,49591.23083355402
2019,1,7.5,0.0,0,7.5,7.5,536.7375688442604,72.07644434782914,29.03584247504102,721531.8531678352,233698.0296384233,487833.8235294119,552775.8235294119,571837.0588235295,571837.0588235295,40778.93579443707,3058.42018458278,30584.201845827803,2854.525505610596,0.0933333333333333,487833.8235294119,33438.7273514384,43837.35597901985
2019,2,7.5,0.0,0,7.5,7.5,536.7375688442604,73.06718726868365,28.30882634158808,721531.8531678352,233698.0296384233,487833.8235294119,487833.8235294119,552775.8235294119,584544.549019608,41286.35077253902,3096.4763079404265,30964.763079404267,2890.0445540777328,0.0933333333333333,487833.8235294119,33854.807633482,44382.82708047945
2019,3,7.5,0.0,0,7.5,7.5,536.7375688442604,72.07906578881,30.731061634475736,721531.8531678352,201175.7747364625,520356.0784313727,487833.8235294119,552775.8235294119,584544.549019608,40902.608749362735,3067.695656202205,30676.956562022053,2863.1826124553845,0.0933333333333331,520356.0784313727,33540.13917447744,43970.30440556494
2019,4,7.5,0.0,0,7.5,7.5,536.7375688442604,72.93281536215012,28.47917047388661,721531.8531678352,188166.87277567817,533364.980392157,520356.0784313727,487833.8235294119,571837.0588235295,41222.84808828696,3091.7136066215216,30917.13606621521,2885.5993661800894,0.0933333333333334,533364.980392157,33802.735432395304,44314.56169490849
2019,5,7.5,0.0,0,7.5,7.5,536.7375688442605,72.36001146076849,30.69614981207291,721531.8531678352,175157.97081489372,546373.8823529414,533364.980392157,487833.8235294119,552775.8235294119,41059.51038519877,3079.463278889908,30794.63278889908,2874.165726963911,0.0933333333333332,546373.8823529414,33668.79851586299,44138.973664088684
2019,6,7.5,0.0,0,7.5,7.5,536.7375688442604,71.57837463206529,25.777608676870337,721531.8531678352,162149.06885410973,559382.7843137254,546373.8823529414,520356.0784313727,552775.8235294119,40263.92211283021,3019.7941584622654,30197.94158462265,2818.474547898113,0.0933333333333332,559382.7843137254,33016.41613252077,43283.71627129248
2019,7,7.5,0.0,0,7.5,7.5,536.7375688442605,72.1620867282612,29.35965854486446,721531.8531678352,136131.26493254094,585400.5882352942,559382.7843137254,533364.980392157,487833.8235294119,40850.75721948224,3063.806791461168,30638.06791461168,2859.553005363756,0.0933333333333333,585400.5882352942,33497.62091997544,43914.56401094341
2019,8,7.5,0.0,0,7.5,7.5,536.7375688442604,72.98556815774155,34.426068650848656,721531.8531678352,123122.3629717566,598409.4901960786,585400.5882352942,546373.8823529414,487833.8235294119,41686.70259362287,3126.502694521715,31265.02694521715,2918.069181553597,0.0933333333333332,598409.4901960786,34183.096126770746,44813.205288144585
2019,9,7.5,0.0,0,7.5,7.5,536.7375688442604,73.42296980382477,29.52018441010972,721531.8531678352,123122.3629717566,598409.4901960786,598409.4901960786,559382.7843137254,520356.0784313727,41576.32591837727,3118.224443878295,31182.244438782956,2910.342814286407,0.0933333333333332,598409.4901960786,34092.58725306936,44694.55036225556
2019,10,7.5,0.0,0,7.5,7.5,536.7375688442605,72.721629138941,26.992411906086573,721531.8531678352,136131.26493254094,585400.5882352942,598409.4901960786,585400.5882352942,533364.980392157,40995.362594629085,3074.6521945971813,30746.521945971814,2869.6753816240307,0.0933333333333331,585400.5882352942,33616.197327595844,44070.01478922627
2019,11,7.5,0.0,0,7.5,7.5,536.7375688442604,72.72203159646924,29.134024083239584,721531.8531678352,155644.61787371733,565887.2352941178,585400.5882352942,598409.4901960786,546373.8823529414,41151.33186041804,3086.349889531353,30863.49889531353,2880.5932302292604,0.0933333333333332,565887.2352941178,33744.09212554279,44237.68174994939
2019,12,7.5,0.0,0,7.5,7.5,536.7375688442604,72.99501695353362,27.518307169343032,721531.8531678352,155644.61787371733,565887.2352941178,565887.2352941178,598409.4901960786,559382.7843137254,41187.86723574395,3089.090042680796,30890.900426807963,2883.150706502074,0.0933333333333332,565887.2352941178,33774.05113331004,44276.95727842474
2020,1,7.5,0.0,0,7.5,7.5,708.9032246482958,75.20495089560346,34.59821673900773,750393.1272945484,238390.1861180777,512002.9411764707,565887.2352941178,585400.5882352942,585400.5882352942,55914.98939034256,4193.624204275691,41936.24204275692,3914.0492573239753,0.0933333333333332,512002.9411764707,45850.29130008089,60108.613594618255
2020,2,7.5,0.0,0,7.5,7.5,708.9032246482958,74.70246556544504,31.205135166296824,750393.1272945484,238390.1861180777,512002.9411764707,512002.9411764707,565887.2352941178,598409.4901960786,55287.919263747615,4146.593944781071,41465.93944781071,3870.154348462325,0.0933333333333331,512002.9411764707,45336.09379627304,59434.51320852869
2020,3,7.5,0.0,0,7.5,7.5,708.9032246482958,75.34158887757941,28.796338584342493,750393.1272945484,204256.65670631305,546136.4705882354,512002.9411764707,565887.2352941178,598409.4901960786,55579.45720824333,4168.45929061825,41684.5929061825,3890.5620045770265,0.0933333333333331,546136.4705882354,45575.15491075953,59747.91649886158
2020,4,7.5,0.0,0,7.5,7.5,708.9032246482958,74.96874766965885,30.037777202345385,750393.1272945484,190603.24494160712,559789.8823529413,546136.4705882354,512002.9411764707,585400.5882352942,55397.48151050564,4154.811113287923,41548.11113287923,3877.823705735391,0.0933333333333332,559789.8823529413,45425.93483861462,59552.29262379356
2020,5,7.5,0.0,0,7.5,7.5,708.9032246482959,74.86761456304959,27.6809706484336,750393.1272945484,176949.8331769011,573443.2941176473,559789.8823529413,512002.9411764707,565887.2352941178,55146.30162670959,4135.972622003219,41359.72622003219,3860.24111386967,0.0933333333333333,573443.2941176473,45219.96733390186,59282.274248712805
2020,6,7.5,0.0,0,7.5,7.5,708.9032246482958,74.80908182361767,31.493994873736348,750393.1272945484,163296.42141219554,587096.7058823529,573443.2941176473,546136.4705882354,565887.2352941178,55388.43617720272,4154.132713290203,41541.32713290204,3877.1905324041945,0.0933333333333334,587096.7058823529,45418.51766530623,59542.56889049292
2020,7,7.5,0.0,0,7.5,7.5,708.9032246482958,75.95038857044655,32.87781247825562,750393.1272945484,135989.59788278362,614403.5294117648,587096.7058823529,559789.8823529413,512002.9411764707,56338.55800395041,4225.391850296281,42253.91850296281,3943.699060276522,0.0933333333333331,614403.5294117648,46197.617563239335,60563.94985424669
2020,8,7.5,0.0,0,7.5,7.5,708.9032246482959,76.51201965021977,27.69795731133585,750393.1272945484,122336.18611807784,628056.9411764706,614403.5294117648,573443.2941176473,512002.9411764707,56358.84410847045,4226.913308135284,42269.13308135284,3945.119087592932,0.0933333333333333,628056.9411764706,46214.25216894577,60585.75741660573
2020,9,7.5,0.0,0,7.5,7.5,708.9032246482959,75.48733019358707,30.550026017215057,750393.1272945484,122336.18611807784,628056.9411764706,628056.9411764706,587096.7058823529,546136.4705882354,55819.351695708734,4186.451377178155,41864.51377178155,3907.35461869961,0.0933333333333333,628056.9411764706,45771.86839048116,60005.80307288689
2020,10,7.5,0.0,0,7.5,7.5,708.9032246482958,76.54131603078466,27.575105143934547,750393.1272945484,135989.59788278362,614403.5294117648,628056.9411764706,614403.5294117648,559789.8823529413,56371.02059045155,4227.8265442838665,42278.26544283867,3945.9714413316033,0.0933333333333332,614403.5294117648,46224.23688417027,60598.84713473542
2020,11,7.5,0.0,0,7.5,7.5,708.9032246482957,74.1176962104659,28.201822063667933,750393.1272945484,156469.71552984242,593923.411764706,614403.5294117648,628056.9411764706,573443.2941176473,54632.527927398594,4097.439594554894,40974.39594554895,3824.2769549178993,0.0933333333333332,593923.411764706,44798.672900466845,58729.96752195349
2020,12,7.5,0.0,0,7.5,7.5,708.9032246482957,73.09035710476267,28.42273493495772,750393.1272945484,156469.71552984242,593923.411764706,593923.411764706,628056.9411764706,587096.7058823529,53891.4176885518,4041.856326641385,40418.563266413854,3772.399238198625,0.0933333333333332,593923.411764706,44190.96250461248,57933.27401519319
2021,1,5.5,-2.0,1,6.833333333333333,7.166666666666667,1158.2274105906963,76.23479913391493,30.451181359428624,780408.8523863306,252392.6759157423,528016.1764705883,593923.411764706,614403.5294117648,614403.5294117648,90618.6736921026,4984.027053065644,67964.00526907695,6343.307158447176,0.0933333333333332,528016.1764705883,74307.31242752413,95602.70074516824
2021,2,5.5,0.0,0,6.166666666666667,6.833333333333333,1158.2274105906963,77.11551004377962,35.62851251764766,780408.8523863306,252392.6759157423,528016.1764705883,528016.1764705883,593923.411764706,628056.9411764706,92064.80842928728,5063.564463610801,69048.60632196546,6444.536590050106,0.0933333333333332,528016.1764705883,75493.14291201557,97128.37289289809
2021,3,5.5,0.0,0,5.5,6.5,1158.227410590696,77.60244433370673,28.26928903301279,780408.8523863306,217191.59748436976,563217.2549019608,528016.1764705883,593923.411764706,628056.9411764706,92075.0440846756,5064.127424657158,69056.28306350671,6445.253085927281,0.0933333333333331,563217.2549019608,75501.53614943399,97139.17150933275
2021,4,5.5,0.0,0,5.5,6.166666666666667,1158.2274105906963,76.1233735260792,31.47575751451952,780408.8523863306,203111.1661118208,577297.6862745098,563217.2549019608,528016.1764705883,614403.5294117648,90564.21865083317,4981.032025795824,67923.16398812487,6339.495305558303,0.093333333333333,577297.6862745099,74262.65929368317,95545.25067662899
2021,5,5.5,0.0,0,5.5,5.833333333333333,1158.227410590696,75.78591869754138,35.494376297563065,780408.8523863306,189030.7347392717,591378.1176470589,577297.6862745099,528016.1764705883,593923.411764706,90467.30228859742,4975.701625872858,67850.47671644806,6332.711160201827,0.0933333333333334,591378.1176470589,74183.18787664988,95443.00391447028
2021,6,5.5,0.0,0,5.5,5.5,1158.227410590696,77.78565735973493,28.592473043685885,780408.8523863306,174950.30336672266,605458.549019608,591378.1176470589,563217.2549019608,593923.411764706,92317.56481610452,5077.466064885748,69238.17361207839,6462.229537127307,0.0933333333333332,605458.549019608,75700.4031492057,97395.03088099028
2021,7,5.5,0.0,0,5.5,5.5,1158.227410590696,75.47159763988519,34.06161712249624,780408.8523863306,146789.44062162458,633619.411764706,605458.549019608,577297.6862745099,528016.1764705883,89983.95777001997,4949.117677351099,67487.96832751497,6298.877043901404,0.0933333333333334,633619.411764706,73786.84537141638,94933.07544737107
2021,8,5.5,0.0,0,5.5,5.5,1158.227410590696,76.75047338695579,33.71344893592038,780408.8523863306,132709.0092490757,647699.8431372549,633619.411764706,591378.1176470589,528016.1764705883,91482.02521792278,5031.511386985753,68611.5189134421,6403.741765254585,0.0933333333333331,647699.8431372549,75015.26067869668,96513.53660490854
2021,9,5.5,0.0,0,5.5,5.5,1158.227410590696,75.5665631361224,28.201874931138683,780408.8523863306,132709.0092490757,647699.8431372549,647699.8431372549,605458.549019608,563217.2549019608,89654.38351093032,4930.991093101167,67240.78763319773,6275.806845765124,0.0933333333333333,647699.8431372549,73516.59447896286,94585.37460403149
2021,10,5.5,0.0,0,5.5,5.5,1158.227410590696,76.84630022293244,30.140941781294227,780408.8523863306,146789.44062162458,633619.411764706,647699.8431372549,633619.411764706,577297.6862745099,91321.71118180954,5022.694114999525,68491.28338635716,6392.519782726668,0.0933333333333333,633619.411764706,74883.80316908383,96344.40529680907
2021,11,5.5,0.0,0,5.5,5.5,1158.227410590696,76.4820528859745,31.868549797042498,780408.8523863306,167910.0876804482,612498.7647058824,633619.411764706,647699.8431372549,591378.1176470589,91020.98218175964,5006.15401999678,68265.73663631972,6371.468752723173,0.0933333333333333,612498.7647058824,74637.2053890429,96027.13620175642
2021,12,5.5,0.0,0,5.5,5.5,1158.227410590696,75.98800891965182,29.57286154493612,780408.8523863306,167910.0876804482,612498.7647058824,612498.7647058824,647699.8431372549,605458.549019608,90258.57767380727,4964.2217720594,67693.93325535546,6318.100437166504,0.0933333333333332,612498.7647058824,74012.03369252196,95222.79944586668
2022,1,5.5,0.0,0,5.5,5.5,1276.9330582529385,78.99097334747478,31.543316502176246,811625.2064817838,322998.0005994307,488627.20588235307,612498.7647058824,633619.411764706,633619.411764706,103357.82244408168,5684.6802344244925,77518.36683306127,7235.047571085684,0.0933333333333329,488627.20588235307,84753.41440414696,109042.50267850618
2022,2,5.5,0.0,0,5.5,5.5,1276.9330582529385,79.46402874457637,26.6260737244864,811625.2064817838,322998.0005994307,488627.20588235307,488627.20588235307,612498.7647058824,647699.8431372549,103586.0603337091,5697.233318354,77689.54525028182,7251.024223359622,0.0933333333333331,488627.20588235307,84940.56947364144,109283.2936520631
2022,3,5.5,0.0,0,5.5,5.5,1276.9330582529385,77.66744550551677,33.83303046569553,811625.2064817838,290422.85354060726,521202.3529411765,488627.20588235307,612498.7647058824,647699.8431372549,101803.85376603388,5599.211957131864,76352.8903245254,7126.269763622375,0.0933333333333333,521202.3529411765,83479.16008814778,107403.06572316574
2022,4,5.5,0.0,0,5.5,5.5,1276.9330582529385,79.16058805168893,27.75454039033034,811625.2064817838,277392.79471707775,534232.411764706,521202.3529411765,488627.20588235307,633619.411764706,103279.83753234708,5680.391064279089,77459.8781492603,7229.588627264296,0.0933333333333333,534232.411764706,84689.4667765246,108960.22859662617
2022,5,5.5,0.0,0,5.5,5.5,1276.9330582529385,80.13565842252328,30.347023902878576,811625.2064817838,264362.73589354823,547262.4705882355,534232.411764706,488627.20588235307,612498.7647058824,104759.75012620672,5761.78625694137,78569.81259465504,7333.182508834463,0.0933333333333332,547262.4705882355,85902.9951034895,110521.5363831481
2022,6,5.5,0.0,0,5.5,5.5,1276.9330582529385,79.83817458935633,30.202555444230327,811625.2064817838,251332.67707001907,560292.5294117647,547262.4705882355,521202.3529411765,612498.7647058824,104359.32133832,5739.7626736076,78269.49100374,7305.152493682384,0.0933333333333331,560292.5294117647,85574.64349742238,110099.08401192761
2022,7,5.5,0.0,0,5.5,5.5,1276.9330582529385,80.54333518201085,35.26602252732961,811625.2064817838,225272.55942296004,586352.6470588237,560292.5294117647,534232.411764706,488627.20588235307,105688.89038881166,5812.888971384641,79266.66779160875,7398.222327216805,0.0933333333333331,586352.6470588237,86664.89011882555,111501.7793601963
2022,8,5.5,0.0,0,5.5,5.5,1276.9330582529385,78.695565523322,32.91471285286307,811625.2064817838,212242.5005994308,599382.705882353,586352.6470588237,547262.4705882355,488627.20588235307,103079.21109663388,5669.356610314863,77309.40832247541,7215.544776764364,0.0933333333333332,599382.705882353,84524.95309923978,108748.56770694874
2022,9,5.5,0.0,0,5.5,5.5,1276.9330582529385,79.41103760177337,34.105894672597046,811625.2064817838,212242.5005994308,599382.705882353,599382.705882353,560292.5294117647,521202.3529411765,104110.9635881593,5726.102997348761,78083.22269111947,7287.767451171152,0.0933333333333333,599382.705882353,85370.99014229063,109837.06658550806
2022,10,5.5,0.0,0,5.5,5.5,1276.9330582529385,78.12279807364118,32.058154379995315,811625.2064817838,225272.55942296004,586352.6470588237,599382.705882353,586352.6470588237,534232.411764706,102262.0561846934,5624.413090158137,76696.54213852005,7158.343932928532,0.0933333333333332,586352.6470588237,83854.88607144858,107886.46927485154
2022,11,5.5,0.0,0,5.5,5.5,1276.9330582529385,79.74147643158493,24.723781540730656,811625.2064817838,244817.64765825425,566807.5588235295,586352.6470588237,599382.705882353,547262.4705882355,103796.0382124182,5708.782101683,77847.02865931364,7265.722674869277,0.0933333333333334,566807.5588235295,85112.75133418292,109504.8203141012
2022,12,5.5,0.0,0,5.5,5.5,1276.9330582529385,77.94813003197264,23.88230346671969,811625.2064817838,244817.64765825425,566807.5588235295,566807.5588235295,599382.705882353,560292.5294117647,101396.12496291145,5576.786872960129,76047.09372218358,7097.728747403802,0.0933333333333333,566807.5588235295,83144.82246958738,106972.91183587158
2023,1,5.5,0.0,0,5.5,5.5,942.0384159699084,80.73184295349698,32.152626767387886,844090.2147410553,322152.7147410552,521937.50000000006,566807.5588235295,586352.6470588237,586352.6470588237,78648.23826897088,4325.653104793399,58986.17870172816,5505.376678827939,0.0933333333333329,521937.5000000001,64491.5553805561,82973.89137376427
2023,2,5.5,0.0,0,5.5,5.5,942.0384159699084,82.14925406272945,30.222284341259325,844090.2147410553,322152.7147410552,521937.50000000006,521937.5000000001,566807.5588235295,599382.705882353,79870.49128506938,4392.877020678816,59902.86846380204,5590.934389954848,0.0933333333333331,521937.5000000001,65493.80285375688,84263.3683057482
2023,3,5.5,0.0,0,5.5,5.5,942.0384159699084,82.25026085750966,25.859695625355325,844090.2147410553,287356.8814077219,556733.3333333334,521937.5000000001,566807.5588235295,599382.705882353,79609.87216220144,4378.54296892108,59707.40412165108,5572.691051354086,0.093333333333333,556733.3333333334,65280.09517300517,83988.41513112251
2023,4,5.5,0.0,0,5.5,5.5,942.0384159699084,79.5846624695685,29.833356903310143,844090.2147410553,273438.5480743884,570651.6666666669,556733.3333333334,521937.5000000001,586352.6470588237,77346.08700781624,4254.034785429893,58009.56525586218,5414.226090547134,0.0933333333333332,570651.6666666669,63423.791346409314,81600.12179324613
2023,5,5.5,0.0,0,5.5,5.5,942.0384159699084,81.25462078020408,29.90191575571772,844090.2147410553,259520.21474105504,584570.0000000002,570651.6666666669,521937.5000000001,566807.5588235295,78974.6430753515,4343.605369144333,59230.98230651363,5528.225015274598,0.0933333333333332,584570.0000000002,64759.20732178823,83318.24844449584
2023,6,5.5,0.0,0,5.5,5.5,942.0384159699084,79.29341474102073,29.73263988146164,844090.2147410553,245601.8814077219,598488.3333333334,584570.0000000002,556733.3333333334,566807.5588235295,77055.0453649423,4238.027495071827,57791.28402370673,5393.853175545963,0.0933333333333333,598488.3333333334,63185.13719925269,81293.07286001413
2023,7,5.5,0.0,0,5.5,5.5,942.0384159699084,79.90379282064875,32.009017646490115,844090.2147410553,217765.2147410552,626325.0,598488.3333333334,570651.6666666669,521937.5000000001,77830.08433316932,4280.654638324312,58372.563249876985,5448.105903321841,0.0933333333333331,626325.0000000001,63820.669153198825,82110.73897149363
2023,8,5.5,0.0,0,5.5,5.5,942.0384159699084,81.24064701793012,27.18036064101793,844090.2147410553,203846.8814077219,640243.3333333334,626325.0000000001,584570.0000000002,521937.5000000001,78739.96051379833,4330.697828258908,59054.97038534874,5511.797235965889,0.0933333333333334,640243.3333333334,64566.76762131463,83070.65834205724
2023,9,5.5,0.0,0,5.5,5.5,942.0384159699084,80.53627488718328,26.822359434333144,844090.2147410553,203846.8814077219,640243.3333333334,640243.3333333334,598488.3333333334,556733.3333333334,78028.43773536554,4291.564075445105,58521.32830152416,5461.990641475582,0.0933333333333332,640243.3333333334,63983.318942999744,82320.00181081065
2023,10,5.5,0.0,0,5.5,5.5,942.0384159699084,80.8972251432341,32.865426961503715,844090.2147410553,217765.2147410552,626325.0,640243.3333333334,626325.0000000001,570651.6666666669,78867.01567462657,4337.685862104461,59150.26175596993,5520.691097223855,0.0933333333333332,626325.0000000001,64670.95285319378,83204.70153673104
2023,11,5.5,0.0,0,5.5,5.5,942.0384159699082,80.15878758398419,31.51213954655353,844090.2147410553,238642.7147410552,605447.5,626325.0000000001,640243.3333333334,584570.0000000002,78038.63218191387,4292.124770005263,58528.9741364354,5462.704252733973,0.0933333333333333,605447.5000000001,63991.67838916937,82330.75695191913
2023,12,5.5,0.0,0,5.5,5.5,942.0384159699082,80.52316232635468,27.62138150321297,844090.2147410553,238642.7147410552,605447.5,605447.5000000001,640243.3333333334,598488.3333333334,78080.07327326834,4294.404030029758,58560.05495495125,5465.60512912878,0.0933333333333332,605447.5000000001,64025.66008408003,82374.4773032981
2024,1,27.5,22.0,1,12.833333333333334,9.166666666666666,989.260409681716,82.91437571203636,26.89427303274188,877853.8233306975,397567.0586248151,480286.7647058824,605447.5000000001,626325.0000000001,626325.0000000001,84253.83114413166,23169.803564636208,63190.37335809875,5897.768180089217,0.0933333333333333,480286.7647058824,69088.14153818796,107423.63470876787
2024,2,27.5,0.0,0,20.166666666666668,12.833333333333334,989.260409681716,82.55708055572225,26.406366322233453,877853.8233306975,397567.0586248151,480286.7647058824,480286.7647058824,605447.5000000001,640243.3333333334,83850.48384432877,23058.88305719041,62887.86288324658,5869.533869103005,0.0933333333333331,480286.7647058824,68757.39675234958,106909.36690151918
2024,3,27.5,0.0,0,27.5,16.5,989.2604096817158,84.57178010633311,30.105790655915182,877853.8233306975,365547.9409777562,512305.88235294126,480286.7647058824,605447.5000000001,640243.3333333334,86209.61414278243,23707.64388926517,64657.210607086825,6034.67298999476,0.0933333333333331,512305.88235294126,70691.88359708159,109917.2580320476
2024,4,27.5,0.0,0,27.5,20.166666666666668,989.2604096817158,82.44021959360593,30.641939732202665,877853.8233306975,352740.2939189327,525113.5294117648,512305.88235294126,480286.7647058824,626325.0000000001,84080.97364971804,23122.267753672462,63060.73023728853,5885.668155480264,0.0933333333333333,525113.5294117648,68946.3983927688,107203.24140339051
2024,5,27.5,0.0,0,27.5,23.83333333333333,989.2604096817158,82.91013756024734,29.33709120140033,877853.8233306975,339932.64686010906,537921.1764705884,525113.5294117648,480286.7647058824,605447.5000000001,84452.05891674332,23224.31620210441,63339.04418755749,5911.644124172031,0.0933333333333333,537921.1764705884,69250.68831172952,107676.37511884773
2024,6,27.5,0.0,0,27.5,27.5,989.260409681716,83.49133336003474,32.27252313014191,877853.8233306975,327124.9998012857,550728.8235294118,537921.1764705884,512305.88235294126,605447.5000000001,85289.14663164881,23454.515323703425,63966.8599737366,5970.240264215419,0.0933333333333333,550728.8235294118,69937.10023795202,108743.66195535223
2024,7,27.5,0.0,0,27.5,27.5,989.260409681716,82.57559908191158,28.27254527806596,877853.8233306975,301509.7056836386,576344.1176470589,550728.8235294118,525113.5294117648,480286.7647058824,84023.39334139175,23106.433168882733,63017.545006043816,5881.637533897403,0.093333333333333,576344.1176470589,68899.18253994122,107129.82651027449
2024,8,27.5,0.0,0,27.5,27.5,989.260409681716,82.77995864227869,23.094236505793248,877853.8233306975,288702.0586248151,589151.7647058824,576344.1176470589,537921.1764705884,480286.7647058824,83802.67574272069,23045.73582924819,62852.00680704052,5866.187301990438,0.0933333333333331,589151.7647058824,68718.19410903096,106848.41157196889
2024,9,27.5,0.0,0,27.5,27.5,989.260409681716,81.78784715024116,34.100622802333575,877853.8233306975,288702.0586248151,589151.7647058824,589151.7647058824,550728.8235294118,512305.88235294126,83698.49570431843,23017.08631868757,62773.87177823882,5858.894699302291,0.0933333333333333,589151.7647058824,68632.76647754111,106715.58202300599
2024,10,27.5,0.0,0,27.5,27.5,989.260409681716,84.31597417080103,29.252891881330864,877853.8233306975,301509.7056836386,576344.1176470589,589151.7647058824,576344.1176470589,525113.5294117648,85876.94122720713,23616.15883748197,64407.70592040535,6011.385885904485,0.0933333333333331,576344.1176470589,70419.09180630984,109493.1000646891
2024,11,27.5,0.0,0,27.5,27.5,989.260409681716,83.46124557044462,30.93375046363061,877853.8233306975,320721.1762718739,557132.6470588236,576344.1176470589,589151.7647058824,537921.1764705884,85146.67532942428,23415.33571559168,63860.00649706821,5960.267273059697,0.0933333333333332,557132.6470588236,69820.27377012791,108562.01104501596
2024,12,27.5,0.0,0,27.5,27.5,989.260409681716,85.4631046467642,33.35872473430373,877853.8233306975,320721.1762718739,557132.6470588236,557132.6470588236,589151.7647058824,550728.8235294118,87396.20609837971,24033.956677054422,65547.15457378479,6117.734426886556,0.0933333333333329,557132.6470588236,71664.88900067135,111430.16277543413
